
USE gaspol_portal;
INSERT IGNORE INTO master_sekolah (npsn, nama_sekolah, bentuk_pendidikan, jenjang, status_sekolah, akreditasi, alamat_jalan, desa_kelurahan, kecamatan, kabupaten, jumlah_guru, jumlah_siswa) VALUES ('70063144', 'SEKOLAH DASAR NEGERI 10 MENTENG', 'SD', 'SD', 'Negeri', 'Tidak diisi', 'Jl. Kali Bata III', 'Menteng', 'Kec. Jekan Raya', 'Kota Palangka Raya', 0, 0);
INSERT IGNORE INTO master_sekolah (npsn, nama_sekolah, bentuk_pendidikan, jenjang, status_sekolah, akreditasi, alamat_jalan, desa_kelurahan, kecamatan, kabupaten, jumlah_guru, jumlah_siswa) VALUES ('70063142', 'SEKOLAH DASAR NEGERI 9 BUKIT TUNGGAL', 'SD', 'SD', 'Negeri', 'Tidak diisi', 'Jl. Bondol', 'Bukit Tunggal', 'Kec. Jekan Raya', 'Kota Palangka Raya', 0, 0);
INSERT IGNORE INTO master_sekolah (npsn, nama_sekolah, bentuk_pendidikan, jenjang, status_sekolah, akreditasi, alamat_jalan, desa_kelurahan, kecamatan, kabupaten, jumlah_guru, jumlah_siswa) VALUES ('70063572', 'KB HARAPAN BUNDA', 'KB', 'PAUD', 'Swasta', 'Tidak diisi', 'Jl. Desa Tuyau-Ketab', 'Kupang Bersih', 'Kec. Pematang Karau', 'Kab. Barito Timur', 0, 0);
INSERT IGNORE INTO master_sekolah (npsn, nama_sekolah, bentuk_pendidikan, jenjang, status_sekolah, akreditasi, alamat_jalan, desa_kelurahan, kecamatan, kabupaten, jumlah_guru, jumlah_siswa) VALUES ('70063597', 'TK Bhakti Nusa', 'TK', 'PAUD', 'Swasta', 'Tidak diisi', 'Camp. PT Kumai Sentosa RT 01', 'Sungai Cabang', 'Kec. Kumai', 'Kab. Kotawaringin Barat', 0, 0);
INSERT IGNORE INTO master_sekolah (npsn, nama_sekolah, bentuk_pendidikan, jenjang, status_sekolah, akreditasi, alamat_jalan, desa_kelurahan, kecamatan, kabupaten, jumlah_guru, jumlah_siswa) VALUES ('70063550', 'TK PELITA MADANI', 'TK', 'PAUD', 'Swasta', 'Tidak diisi', 'Jl.G.Obos XIXB Gg.Aman No.02 Palangka Raya', 'Menteng', 'Kec. Jekan Raya', 'Kota Palangka Raya', 0, 0);
INSERT IGNORE INTO master_sekolah (npsn, nama_sekolah, bentuk_pendidikan, jenjang, status_sekolah, akreditasi, alamat_jalan, desa_kelurahan, kecamatan, kabupaten, jumlah_guru, jumlah_siswa) VALUES ('70063501', 'SMP Negeri 3 Suling Tambun', 'SMP', 'SMP', 'Negeri', 'Tidak diisi', 'Jl. Sungai Lunuk Desa Tumbang Setoli Kecamatan Suling Tambun Kabupaten Seruyan P', 'Desa Tumbang setoli', 'Kec. Suling Tambun', 'Kab. Seruyan', 0, 0);
INSERT IGNORE INTO master_sekolah (npsn, nama_sekolah, bentuk_pendidikan, jenjang, status_sekolah, akreditasi, alamat_jalan, desa_kelurahan, kecamatan, kabupaten, jumlah_guru, jumlah_siswa) VALUES ('70063657', 'SD SWASTA ANWAR KARIM IV - B', 'SD', 'SD', 'Swasta', 'Tidak diisi', 'Jln. Jend. Sudirman km 86', 'Sebabi', 'Kec. Telawang', 'Kab. Kotawaringin Timur', 0, 0);
INSERT IGNORE INTO master_sekolah (npsn, nama_sekolah, bentuk_pendidikan, jenjang, status_sekolah, akreditasi, alamat_jalan, desa_kelurahan, kecamatan, kabupaten, jumlah_guru, jumlah_siswa) VALUES ('70063454', 'SDI DARUL ILMI', 'SD', 'SD', 'Swasta', 'Tidak diisi', 'Jl Veteran RT 04/02', 'Karta Mulia', 'Kec. Sukamara', 'Kab. Sukamara', 0, 0);
INSERT IGNORE INTO master_sekolah (npsn, nama_sekolah, bentuk_pendidikan, jenjang, status_sekolah, akreditasi, alamat_jalan, desa_kelurahan, kecamatan, kabupaten, jumlah_guru, jumlah_siswa) VALUES ('70063361', 'TK. ISLAM AL-AMIN', 'TK', 'PAUD', 'Swasta', 'Tidak diisi', 'Jl. Pra Kusuma Yuda', 'Mendawai', 'Kec. Arut Selatan', 'Kab. Kotawaringin Barat', 0, 0);
INSERT IGNORE INTO master_sekolah (npsn, nama_sekolah, bentuk_pendidikan, jenjang, status_sekolah, akreditasi, alamat_jalan, desa_kelurahan, kecamatan, kabupaten, jumlah_guru, jumlah_siswa) VALUES ('70063360', 'SMP ISLAM TERPADU CENDIKIA', 'SMP', 'SMP', 'Swasta', 'Tidak diisi', 'Jl. Padat Karya RT. 004', 'Sungai Tendang', 'Kec. Kumai', 'Kab. Kotawaringin Barat', 0, 0);
INSERT IGNORE INTO master_sekolah (npsn, nama_sekolah, bentuk_pendidikan, jenjang, status_sekolah, akreditasi, alamat_jalan, desa_kelurahan, kecamatan, kabupaten, jumlah_guru, jumlah_siswa) VALUES ('70063145', 'TAMAN KANAK-KANAK NEGERI PEMBINA JEKAN RAYA 2', 'TK', 'PAUD', 'Negeri', 'Tidak diisi', 'Jl. Kalibata Permai 2', 'Menteng', 'Kec. Jekan Raya', 'Kota Palangka Raya', 0, 0);
INSERT IGNORE INTO master_sekolah (npsn, nama_sekolah, bentuk_pendidikan, jenjang, status_sekolah, akreditasi, alamat_jalan, desa_kelurahan, kecamatan, kabupaten, jumlah_guru, jumlah_siswa) VALUES ('70063656', 'SD SWASTA ANWAR KARIM IV - A', 'SD', 'SD', 'Swasta', 'Tidak diisi', 'Jln. Jend. Sudirman km 86', 'Sebabi', 'Kec. Telawang', 'Kab. Kotawaringin Timur', 0, 0);
INSERT IGNORE INTO master_sekolah (npsn, nama_sekolah, bentuk_pendidikan, jenjang, status_sekolah, akreditasi, alamat_jalan, desa_kelurahan, kecamatan, kabupaten, jumlah_guru, jumlah_siswa) VALUES ('70063231', 'SMP IT IMAM SYAFII SAMPIT', 'SMP', 'SMP', 'Swasta', 'Tidak diisi', 'Jl. Gunung Kelud gang Setia', 'Baamang Tengah', 'Kec. Baamang', 'Kab. Kotawaringin Timur', 0, 0);

INSERT IGNORE INTO Users (userId, username, passwordHash, salt, fullName, instansi, bentuk_pendidikan, role, status) VALUES ('c2e2b330-6fd7-4aec-8098-9497974e7b75', '70063144', '7f5df75239a4afc4ca3bab7170c55c7d2e97b0248915a4af18434c16e198e8b3', 'e8383b6b2be84765a7e05adb5f11dff8', 'SEKOLAH DASAR NEGERI 10 MENTENG', 'Satuan Pendidikan', 'SD', 'USER', 'ACTIVE');
INSERT IGNORE INTO Users (userId, username, passwordHash, salt, fullName, instansi, bentuk_pendidikan, role, status) VALUES ('29c3de1a-d6d1-44ed-8b8c-4c958335b85e', '70063142', '1284bde8c46287a8709aa6b52776e3cd6fdbfb2713cb752f304eca11760e57fe', '17c333d6bf7d4d54abbd05f95b61f228', 'SEKOLAH DASAR NEGERI 9 BUKIT TUNGGAL', 'Satuan Pendidikan', 'SD', 'USER', 'ACTIVE');
INSERT IGNORE INTO Users (userId, username, passwordHash, salt, fullName, instansi, bentuk_pendidikan, role, status) VALUES ('8b9c4016-91cb-415a-a68f-c5609f257f66', '70063572', '06f75484584a0d23b7b20e54b2ad4e243553e22e0a7de8d8d5820ef78891921a', 'b8e024eae4e84dfcb3817799d149d90f', 'KB HARAPAN BUNDA', 'Satuan Pendidikan', 'KB', 'USER', 'ACTIVE');
INSERT IGNORE INTO Users (userId, username, passwordHash, salt, fullName, instansi, bentuk_pendidikan, role, status) VALUES ('9a775706-2aea-475f-8865-6682b97b4170', '70063597', 'f9b75e71b088267fdda6cf0a66bca8f2d5298ea95c8e44789e84edf73b6f7c66', 'a988ac7751bc4fcc9986b79f01d47987', 'TK Bhakti Nusa', 'Satuan Pendidikan', 'TK', 'USER', 'ACTIVE');
INSERT IGNORE INTO Users (userId, username, passwordHash, salt, fullName, instansi, bentuk_pendidikan, role, status) VALUES ('8535892b-e15b-4941-90d0-e6d1f1588fa8', '70063550', '2ca1731bafa8f0789577b1f2fc735302377c84d2c66f3f9ce09a9c0c917e317a', '058352a116084f688e02e8090ecc1371', 'TK PELITA MADANI', 'Satuan Pendidikan', 'TK', 'USER', 'ACTIVE');
INSERT IGNORE INTO Users (userId, username, passwordHash, salt, fullName, instansi, bentuk_pendidikan, role, status) VALUES ('773df228-5701-4673-af9e-24e0470a88a5', '70063501', 'd640dbdc44c26f3683930746b0a56877c1e960292c9786d95989bba8550f727f', '1bf674f2008945bc98d68fa22464ed16', 'SMP Negeri 3 Suling Tambun', 'Satuan Pendidikan', 'SMP', 'USER', 'ACTIVE');
INSERT IGNORE INTO Users (userId, username, passwordHash, salt, fullName, instansi, bentuk_pendidikan, role, status) VALUES ('5a38b9b5-71f6-4a9d-8d0b-cdf2748b2f9a', '70063657', 'f30a835706eb4f7e4d7670f065cb31803763137066fd6fc8e450c5aed1c6c326', 'e59ccb5af21244879fbfd0d0524d5cbf', 'SD SWASTA ANWAR KARIM IV - B', 'Satuan Pendidikan', 'SD', 'USER', 'ACTIVE');
INSERT IGNORE INTO Users (userId, username, passwordHash, salt, fullName, instansi, bentuk_pendidikan, role, status) VALUES ('7bba84b9-a41f-4163-9137-49ef3d7cd846', '70063454', '1df1202eb8ad30e9655b814266dc4dd46bf547d884be217de9b27bfca1bac812', 'd4fc894743964ed5bb5003b10dcd93e5', 'SDI DARUL ILMI', 'Satuan Pendidikan', 'SD', 'USER', 'ACTIVE');
INSERT IGNORE INTO Users (userId, username, passwordHash, salt, fullName, instansi, bentuk_pendidikan, role, status) VALUES ('9f80fbe7-34d5-4f32-b71e-572adc476547', '70063361', '1189d23d1cb266445bd1ec497ef5dbf969d1a67c3d7d3ca5d9be729f0d19bca1', 'a9a7c61e9dce4be2ace7c6644124e516', 'TK. ISLAM AL-AMIN', 'Satuan Pendidikan', 'TK', 'USER', 'ACTIVE');
INSERT IGNORE INTO Users (userId, username, passwordHash, salt, fullName, instansi, bentuk_pendidikan, role, status) VALUES ('42785aac-fee7-4ca6-9ed0-425218cb3431', '70063360', '647dba9eaf4f2d5863da6fd1f01d8c29978c77ef8eda49135cf13c6997c08141', 'cedec3f26d69471692b1d05dee4b5b93', 'SMP ISLAM TERPADU CENDIKIA', 'Satuan Pendidikan', 'SMP', 'USER', 'ACTIVE');
INSERT IGNORE INTO Users (userId, username, passwordHash, salt, fullName, instansi, bentuk_pendidikan, role, status) VALUES ('3192acb6-981d-42e6-8f46-00e203b9a136', '70063145', '34e00b454068cb177eea4dd80d6c7cd4bfa6483e4ea748a52214f0accacb2cb4', '8fdbfa780ee94a4c89ebc9bcf7c8378a', 'TAMAN KANAK-KANAK NEGERI PEMBINA JEKAN RAYA 2', 'Satuan Pendidikan', 'TK', 'USER', 'ACTIVE');
INSERT IGNORE INTO Users (userId, username, passwordHash, salt, fullName, instansi, bentuk_pendidikan, role, status) VALUES ('39c9d3c4-763e-40e9-93c4-24ed5e698c6d', '70063656', 'b440795a148eca4d79f636e3bd71fcb26e7bbfa1f44e315d1988912194c71336', '829a88c427e547cd81f61aab092620f9', 'SD SWASTA ANWAR KARIM IV - A', 'Satuan Pendidikan', 'SD', 'USER', 'ACTIVE');
INSERT IGNORE INTO Users (userId, username, passwordHash, salt, fullName, instansi, bentuk_pendidikan, role, status) VALUES ('3fc134d3-27e7-428b-b999-382f7e34af46', '70063231', '87ba31b02d2bf1ecc65b15bc54d2e50a5044d9a3ce35cdb5cde66bd6cdddf439', '2f83226302bc4f7685c3915e0d64ce84', 'SMP IT IMAM SYAFII SAMPIT', 'Satuan Pendidikan', 'SMP', 'USER', 'ACTIVE');


USE gaspol_ppkpsp;
INSERT IGNORE INTO gaspol_ppkpsp.ppkpsp_sekolah (npsn, nama_sekolah, jenjang, akreditasi, alamat, kecamatan, kabupaten, provinsi, kepala_sekolah, status_sekolah) VALUES ('70063144', 'SEKOLAH DASAR NEGERI 10 MENTENG', 'SD', 'Tidak diisi', 'Jl. Kali Bata III', 'Kec. Jekan Raya', 'Kota Palangka Raya', 'Kalimantan Tengah', '', 'Negeri');
INSERT IGNORE INTO gaspol_ppkpsp.ppkpsp_sekolah (npsn, nama_sekolah, jenjang, akreditasi, alamat, kecamatan, kabupaten, provinsi, kepala_sekolah, status_sekolah) VALUES ('70063142', 'SEKOLAH DASAR NEGERI 9 BUKIT TUNGGAL', 'SD', 'Tidak diisi', 'Jl. Bondol', 'Kec. Jekan Raya', 'Kota Palangka Raya', 'Kalimantan Tengah', '', 'Negeri');
INSERT IGNORE INTO gaspol_ppkpsp.ppkpsp_sekolah (npsn, nama_sekolah, jenjang, akreditasi, alamat, kecamatan, kabupaten, provinsi, kepala_sekolah, status_sekolah) VALUES ('70063572', 'KB HARAPAN BUNDA', 'PAUD', 'Tidak diisi', 'Jl. Desa Tuyau-Ketab', 'Kec. Pematang Karau', 'Kab. Barito Timur', 'Kalimantan Tengah', '', 'Swasta');
INSERT IGNORE INTO gaspol_ppkpsp.ppkpsp_sekolah (npsn, nama_sekolah, jenjang, akreditasi, alamat, kecamatan, kabupaten, provinsi, kepala_sekolah, status_sekolah) VALUES ('70063597', 'TK Bhakti Nusa', 'PAUD', 'Tidak diisi', 'Camp. PT Kumai Sentosa RT 01', 'Kec. Kumai', 'Kab. Kotawaringin Barat', 'Kalimantan Tengah', '', 'Swasta');
INSERT IGNORE INTO gaspol_ppkpsp.ppkpsp_sekolah (npsn, nama_sekolah, jenjang, akreditasi, alamat, kecamatan, kabupaten, provinsi, kepala_sekolah, status_sekolah) VALUES ('70063550', 'TK PELITA MADANI', 'PAUD', 'Tidak diisi', 'Jl.G.Obos XIXB Gg.Aman No.02 Palangka Raya', 'Kec. Jekan Raya', 'Kota Palangka Raya', 'Kalimantan Tengah', '', 'Swasta');
INSERT IGNORE INTO gaspol_ppkpsp.ppkpsp_sekolah (npsn, nama_sekolah, jenjang, akreditasi, alamat, kecamatan, kabupaten, provinsi, kepala_sekolah, status_sekolah) VALUES ('70063501', 'SMP Negeri 3 Suling Tambun', 'SMP', 'Tidak diisi', 'Jl. Sungai Lunuk Desa Tumbang Setoli Kecamatan Suling Tambun Kabupaten Seruyan P', 'Kec. Suling Tambun', 'Kab. Seruyan', 'Kalimantan Tengah', '', 'Negeri');
INSERT IGNORE INTO gaspol_ppkpsp.ppkpsp_sekolah (npsn, nama_sekolah, jenjang, akreditasi, alamat, kecamatan, kabupaten, provinsi, kepala_sekolah, status_sekolah) VALUES ('70063657', 'SD SWASTA ANWAR KARIM IV - B', 'SD', 'Tidak diisi', 'Jln. Jend. Sudirman km 86', 'Kec. Telawang', 'Kab. Kotawaringin Timur', 'Kalimantan Tengah', '', 'Swasta');
INSERT IGNORE INTO gaspol_ppkpsp.ppkpsp_sekolah (npsn, nama_sekolah, jenjang, akreditasi, alamat, kecamatan, kabupaten, provinsi, kepala_sekolah, status_sekolah) VALUES ('70063454', 'SDI DARUL ILMI', 'SD', 'Tidak diisi', 'Jl Veteran RT 04/02', 'Kec. Sukamara', 'Kab. Sukamara', 'Kalimantan Tengah', '', 'Swasta');
INSERT IGNORE INTO gaspol_ppkpsp.ppkpsp_sekolah (npsn, nama_sekolah, jenjang, akreditasi, alamat, kecamatan, kabupaten, provinsi, kepala_sekolah, status_sekolah) VALUES ('70063361', 'TK. ISLAM AL-AMIN', 'PAUD', 'Tidak diisi', 'Jl. Pra Kusuma Yuda', 'Kec. Arut Selatan', 'Kab. Kotawaringin Barat', 'Kalimantan Tengah', '', 'Swasta');
INSERT IGNORE INTO gaspol_ppkpsp.ppkpsp_sekolah (npsn, nama_sekolah, jenjang, akreditasi, alamat, kecamatan, kabupaten, provinsi, kepala_sekolah, status_sekolah) VALUES ('70063360', 'SMP ISLAM TERPADU CENDIKIA', 'SMP', 'Tidak diisi', 'Jl. Padat Karya RT. 004', 'Kec. Kumai', 'Kab. Kotawaringin Barat', 'Kalimantan Tengah', '', 'Swasta');
INSERT IGNORE INTO gaspol_ppkpsp.ppkpsp_sekolah (npsn, nama_sekolah, jenjang, akreditasi, alamat, kecamatan, kabupaten, provinsi, kepala_sekolah, status_sekolah) VALUES ('70063145', 'TAMAN KANAK-KANAK NEGERI PEMBINA JEKAN RAYA 2', 'PAUD', 'Tidak diisi', 'Jl. Kalibata Permai 2', 'Kec. Jekan Raya', 'Kota Palangka Raya', 'Kalimantan Tengah', '', 'Negeri');
INSERT IGNORE INTO gaspol_ppkpsp.ppkpsp_sekolah (npsn, nama_sekolah, jenjang, akreditasi, alamat, kecamatan, kabupaten, provinsi, kepala_sekolah, status_sekolah) VALUES ('70063656', 'SD SWASTA ANWAR KARIM IV - A', 'SD', 'Tidak diisi', 'Jln. Jend. Sudirman km 86', 'Kec. Telawang', 'Kab. Kotawaringin Timur', 'Kalimantan Tengah', '', 'Swasta');
INSERT IGNORE INTO gaspol_ppkpsp.ppkpsp_sekolah (npsn, nama_sekolah, jenjang, akreditasi, alamat, kecamatan, kabupaten, provinsi, kepala_sekolah, status_sekolah) VALUES ('70063231', 'SMP IT IMAM SYAFII SAMPIT', 'SMP', 'Tidak diisi', 'Jl. Gunung Kelud gang Setia', 'Kec. Baamang', 'Kab. Kotawaringin Timur', 'Kalimantan Tengah', '', 'Swasta');

